strain,insertion: 1bp @ ref pos 8905,insertion: 6bp @ ref pos 21161,insertion: 3bp @ ref pos 21990,insertion: 3bp @ ref pos 22013,insertion: 9bp @ ref pos 22204,insertion: 3bp @ ref pos 25699,insertion: 1bp @ ref pos 27384,insertion: 9bp @ ref pos 27871,insertion: 4bp @ ref pos 27875,insertion: 1bp @ ref pos 28214,insertion: 2bp @ ref pos 28251,insertion: 49bp @ ref pos 28262
hCoV-19/USA/FL-CDC-STM-000715766/2021|2021-08-01|2021-11-18,,,TAC,,,,,,,,,
hCoV-19/USA/FL-CDC-ASC210110661/2021|2021-06-21|2021-09-21,,,TAC,,,,,,,,,
KB-D-003,,,,,GAGCCAGAA,,,,,,,
hCoV-19/England/MILK-2F52E6A/2021|2021-12-18|2021-12-26,,,,,GAGCCAGAA,,,,,,,
hCoV-19/England/MILK-2B73BD9/2021|2021-11-22|2021-11-29,,,,,,CCC,,,,,,
hCoV-19/England/BRBR-2DBD5C4/2021|2021-12-08|2021-12-15,,,,,,CCC,,,,,,
hCoV-19/USA/OH-CDC-ASC210429048/2021|2021-11-20|2021-12-15,,,,,,,C,,,,,
hCoV-19/USA/CA-CDC-2-3850543/2021|2021-01-26|2021-08-12,,,,,,,,,AGAG,,,
hCoV-19/USA/GA-CDC-MMB10393306/2021|2021-09-13|2021-10-12,,,,,,,,,,T,,
KB-B-001,,,,,,,,,,,TG,
hCoV-19/USA/CA-CDC-ASC210278157/2021|2021-08-07|2021-08-27,,,,,,,,,,,TG,
hCoV-19/USA/MI-CDC-ASC210063133/2021|2021-05-13|2021-09-21,,,,,,,,,,,TG,
hCoV-19/England/CAMC-139C4DA/2021|2021-03-08|2021-03-24,,,,,,,,,,,,AACA
hCoV-19/USA/MA-CDC-QDX26177990/2021|2021-06-23|2021-07-09,,,,,,,,,,,,AACA
hCoV-19/USA/IL-CDC-LC0100938/2021|2021-07-12|2021-08-10,,,,,,,,,,,,AACA
